Workbook
Name Lista_CNOE: DETALLE_CNOE!$A$2:$A$92

Sheet Datos de Incapacidad Temporal
A1: Fichero FIE · SUSASESORES
A2: Datos del Proceso | C2: Datos de la Empresa | E2: Datos del Empleado | J2: Datos de Incapacidad Temporal | AG2: Datos Economicos FIE 2
A3: expte | B3: Clave Autorización | C3: Fecha recepción | D3: CCC | E3: Empresa | F3: NAF | G3: NIF | H3: Nombre | I3: Fecha Inicio relación laboral | J3: Fecha Extinción relación laboral | K3: Fecha baja IT | L3: Contingencia | M3: Entidad responsable | N3: Indicador de recaída | O3: Fecha proceso inicial | P3: Fecha proceso anterior | Q3: Días acumulados | R3: Fecha proceso IT inexistente | S3: Causa IT proceso inexistente | T3: Indicador Carencia | U3: Tipo de proceso | V3: Duración estimada | W3: Fecha fin Pago Delegado | X3: Causa Fin Pago Delegado | Y3: Fecha fin IT | Z3: Causa fin IT | AA3: Parte de baja anulado | AB3: Parte de alta anulado | AC3: Modalidad de pago | AD3: Situaciones Especiales de IT | AE3: Procesos con peculiaridades en pago y cotización | AF3: Indicador de IT internacional | AG3: TIPO CONTRATO | AH3: BASE | AI3: DIA | AJ3: COTIZACION HORAS EXTRAS | AK3: DIAS COT AÑO ANT | AL3: PUESTO DE TRABAJO | AM3: CNOE | AN3: DETALLE CNOE | AO3: BAJA Y ALTA
A4: 0347 | B4: 00316077 | C4: 46204.257 | D4: 011135110203761 | E4: COMESA CANARIAS SL | F4: 351051558430 | G4: 000042253287X | H4: JESUS PIQUERAS, JUAN FRANCISCO | I4: 45232 | K4: 46203 | L4: 1=Enfermedad común | M4: 183=MUTUA BALEAR | N4: N=No | Q4: 0 | T4: S=Se acredita carencia | U4: 1=Muy corto | V4: 4 | AE4: 00 | AF4: 0 | AJ4: 2,19 | AK4: 360 | AM4: =IFERROR(VLOOKUP(AL4,DETALLE_CNOE!$A:$C,3,FALSE),"") | AN4: =IFERROR(VLOOKUP(AL4,DETALLE_CNOE!$A:$C,2,FALSE),"")
A5: 0347 | B5: 00316077 | C5: 46204.257 | D5: 011135110203761 | E5: COMESA CANARIAS SL | F5: 351090246878 | G5: 000078588707F | H5: LUZARDO SANTOS, DIOGENES | I5: 45356 | K5: 46182 | L5: 1=Enfermedad común | M5: 183=MUTUA BALEAR | N5: N=No | Q5: 0 | T5: S=Se acredita carencia | U5: 2=Corto | V5: 29 | AE5: 00 | AF5: 0 | AM5: =IFERROR(VLOOKUP(AL5,DETALLE_CNOE!$A:$C,3,FALSE),"") | AN5: =IFERROR(VLOOKUP(AL5,DETALLE_CNOE!$A:$C,2,FALSE),"")
A6: 2281 | B6: 00316077 | C6: 46204.257 | D6: 011135111858825 | E6: MIART CANARIAS S L | F6: 351010635948 | G6: 000045530549W | H6: MORALES GAZQUEZ, FRANCISCO JAVIE | I6: 43891 | K6: 46105 | L6: 1=Enfermedad común | M6: 275=FRATERNIDAD-MUPRESPA | N6: N=No | Q6: 0 | T6: S=Se acredita carencia | U6: 4=Largo | V6: 243 | AE6: 00 | AF6: 0 | AM6: =IFERROR(VLOOKUP(AL6,DETALLE_CNOE!$A:$C,3,FALSE),"") | AN6: =IFERROR(VLOOKUP(AL6,DETALLE_CNOE!$A:$C,2,FALSE),"")
A7: 2290 | B7: 00316077 | C7: 46204.257 | D7: 011135121800214 | E7: CANARY GREEN CORNER, S.L.U. | F7: 081477802847 | G7: 0000Z1299039G | H7: GERARDO DOMINGUEZ, MAYDELIN | I7: 45561 | K7: 45951 | L7: 1=Enfermedad común | M7: 151=A.S.E.P.E.Y.O. | N7: N=No | Q7: 0 | T7: S=Se acredita carencia | U7: 4=Largo | V7: 274 | AE7: 00 | AF7: 0 | AM7: =IFERROR(VLOOKUP(AL7,DETALLE_CNOE!$A:$C,3,FALSE),"") | AN7: =IFERROR(VLOOKUP(AL7,DETALLE_CNOE!$A:$C,2,FALSE),"")
A8: 0008 | B8: 00316077 | C8: 46204.257 | D8: 011138006874023 | E8: EXPLOTACIONES INDUSTRIALES LOS RODEOS S.L. | F8: 381021043996 | G8: 000078561701A | H8: ORIHUELA ARVELO, VANESA | I8: 45419 | K8: 46201 | L8: 1=Enfermedad común | M8: 151=A.S.E.P.E.Y.O. | N8: S=Sí | O8: 46197 | P8: 46197 | Q8: 2 | T8: S=Se acredita carencia | U8: 2=Corto | V8: 30 | AE8: 00 | AF8: 0 | AM8: =IFERROR(VLOOKUP(AL8,DETALLE_CNOE!$A:$C,3,FALSE),"") | AN8: =IFERROR(VLOOKUP(AL8,DETALLE_CNOE!$A:$C,2,FALSE),"")
A9: 0008 | B9: 00316077 | C9: 46204.257 | D9: 011138006874023 | E9: EXPLOTACIONES INDUSTRIALES LOS RODEOS S.L. | F9: 381023244886 | G9: 000078570816X | H9: BARROSO RODRIGUEZ, ANA BELEN | I9: 44013 | K9: 46136 | L9: 1=Enfermedad común | M9: 151=A.S.E.P.E.Y.O. | N9: N=No | Q9: 0 | T9: S=Se acredita carencia | U9: 4=Largo | V9: 85 | AE9: 00 | AF9: 0 | AM9: =IFERROR(VLOOKUP(AL9,DETALLE_CNOE!$A:$C,3,FALSE),"") | AN9: =IFERROR(VLOOKUP(AL9,DETALLE_CNOE!$A:$C,2,FALSE),"")
A10: 1644 | B10: 00316077 | C10: 46204.257 | D10: 011138007288695 | E10: FOX SEGURIDAD, S.L. | F10: 381037735474 | G10: 000045728182L | H10: CHINEA CORREA, LEANDRO | I10: 44888 | K10: 46013 | L10: 1=Enfermedad común | M10: 061=F.R.E.M.A.P. | N10: N=No | Q10: 0 | T10: S=Se acredita carencia | U10: 4=Largo | V10: 211 | AE10: 00 | AF10: 0 | AM10: =IFERROR(VLOOKUP(AL10,DETALLE_CNOE!$A:$C,3,FALSE),"") | AN10: =IFERROR(VLOOKUP(AL10,DETALLE_CNOE!$A:$C,2,FALSE),"")
A11: 1644 | B11: 00316077 | C11: 46204.257 | D11: 011138007288695 | E11: FOX SEGURIDAD, S.L. | F11: 381041702370 | G11: 000055753954E | H11: MOSSUCCA RAMOS, ANTHONY SAVERIO | I11: 46017 | K11: 46153 | L11: 1=Enfermedad común | M11: 061=F.R.E.M.A.P. | N11: N=No | Q11: 0 | T11: S=Se acredita carencia | U11: 4=Largo | V11: 64 | AE11: 00 | AF11: 0 | AM11: =IFERROR(VLOOKUP(AL11,DETALLE_CNOE!$A:$C,3,FALSE),"") | AN11: =IFERROR(VLOOKUP(AL11,DETALLE_CNOE!$A:$C,2,FALSE),"")
A12: 1796 | B12: 00316077 | C12: 46204.257 | D12: 011138100316970 | E12: BAZAR MARY, S.L. | F12: 381011324192 | G12: 000054046098P | H12: TRUJILLO CARABALLERO, MARCOS ANTONIO | I12: 41891 | K12: 46153 | L12: 1=Enfermedad común | M12: 061=F.R.E.M.A.P. | N12: N=No | Q12: 0 | T12: S=Se acredita carencia | U12: 4=Largo | V12: 64 | AE12: 00 | AF12: 0 | AM12: =IFERROR(VLOOKUP(AL12,DETALLE_CNOE!$A:$C,3,FALSE),"") | AN12: =IFERROR(VLOOKUP(AL12,DETALLE_CNOE!$A:$C,2,FALSE),"")
A13: 1378 | B13: 00316077 | C13: 46204.257 | D13: 011138102537361 | E13: CARGRI, S.L. | F13: 281608996934 | G13: 0000Y7146540V | H13: GOMEZ ---, DAISY GRISELL | I13: 46197 | K13: 46202 | L13: 1=Enfermedad común | M13: 275=FRATERNIDAD-MUPRESPA | N13: N=No | Q13: 0 | T13: S=Se acredita carencia | U13: 2=Corto | V13: 27 | AE13: 00 | AF13: 0 | AM13: =IFERROR(VLOOKUP(AL13,DETALLE_CNOE!$A:$C,3,FALSE),"") | AN13: =IFERROR(VLOOKUP(AL13,DETALLE_CNOE!$A:$C,2,FALSE),"")
A14: 2264 | B14: 00316077 | C14: 46204.257 | D14: 011138110023539 | E14: TRIFAUNA, S.L. | F14: 381017352138 | G14: 000078569126E | H14: GONZALEZ DONATE, JOSE FRANCISCO | I14: 39289 | K14: 45922 | L14: 1=Enfermedad común | M14: 151=A.S.E.P.E.Y.O. | N14: N=No | Q14: 0 | T14: S=Se acredita carencia | U14: 4=Largo | V14: 365 | AE14: 00 | AF14: 0 | AM14: =IFERROR(VLOOKUP(AL14,DETALLE_CNOE!$A:$C,3,FALSE),"") | AN14: =IFERROR(VLOOKUP(AL14,DETALLE_CNOE!$A:$C,2,FALSE),"")
A15: 1254 | B15: 00316077 | C15: 46204.257 | D15: 011138110581489 | E15: SERVICIOS Y REPRESENTACIONES TAJARASTE. S.L.U | F15: 381001166777 | G15: 000043820659R | H15: CAMARA GARCIA, MARIA MONICA | I15: 43892 | K15: 46203 | L15: 1=Enfermedad común | M15: 151=A.S.E.P.E.Y.O. | N15: N=No | Q15: 0 | T15: S=Se acredita carencia | U15: 1=Muy corto | V15: 4 | AE15: 00 | AF15: 0 | AM15: =IFERROR(VLOOKUP(AL15,DETALLE_CNOE!$A:$C,3,FALSE),"") | AN15: =IFERROR(VLOOKUP(AL15,DETALLE_CNOE!$A:$C,2,FALSE),"")
A16: 1254 | B16: 00316077 | C16: 46204.257 | D16: 011138110581489 | E16: SERVICIOS Y REPRESENTACIONES TAJARASTE. S.L.U | F16: 381056661790 | G16: 000043802639J | H16: HERNANDEZ SOSA, MARIA LUISA | I16: 44544 | K16: 46202 | L16: 2=Accidente no laboral | M16: 151=A.S.E.P.E.Y.O. | N16: N=No | Q16: 0 | T16: S=Se acredita carencia | U16: 4=Largo | V16: 295 | AE16: 00 | AF16: 0 | AM16: =IFERROR(VLOOKUP(AL16,DETALLE_CNOE!$A:$C,3,FALSE),"") | AN16: =IFERROR(VLOOKUP(AL16,DETALLE_CNOE!$A:$C,2,FALSE),"")
A17: 1254 | B17: 00316077 | C17: 46204.257 | D17: 011138110581489 | E17: SERVICIOS Y REPRESENTACIONES TAJARASTE. S.L.U | F17: 381090020801 | G17: 000049513344W | H17: CABRERA MORALES, GIOVANNI | I17: 46170 | K17: 46200 | L17: 2=Accidente no laboral | M17: 151=A.S.E.P.E.Y.O. | N17: S=Sí | Q17: 0 | T17: S=Se acredita carencia | U17: 4=Largo | V17: 67 | AE17: 00 | AF17: 0 | AM17: =IFERROR(VLOOKUP(AL17,DETALLE_CNOE!$A:$C,3,FALSE),"") | AN17: =IFERROR(VLOOKUP(AL17,DETALLE_CNOE!$A:$C,2,FALSE),"")
A18: 1681 | B18: 00316077 | C18: 46204.257 | D18: 011138115160091 | E18: TRANSPORTES Y GRUAS CARBALLO,S.L. | F18: 381005974745 | G18: 000043796341V | H18: FEBLES SANJUAN, FRANCISCO ANTON | I18: 44684 | K18: 46150 | L18: 1=Enfermedad común | M18: 151=A.S.E.P.E.Y.O. | N18: N=No | Q18: 0 | T18: S=Se acredita carencia | U18: 4=Largo | V18: 71 | AE18: 00 | AF18: 0 | AM18: =IFERROR(VLOOKUP(AL18,DETALLE_CNOE!$A:$C,3,FALSE),"") | AN18: =IFERROR(VLOOKUP(AL18,DETALLE_CNOE!$A:$C,2,FALSE),"")
A19: 2068 | B19: 00316077 | C19: 46204.257 | D19: 011138118704736 | E19: TENSER EXPERTOS, SL | F19: 381016991420 | G19: 000078712377Y | H19: LOPEZ DENIZ, RICARDO | I19: 43560 | K19: 46096 | L19: 2=Accidente no laboral | M19: 151=A.S.E.P.E.Y.O. | N19: N=No | Q19: 0 | T19: S=Se acredita carencia | U19: 4=Largo | V19: 145 | AE19: 00 | AF19: 0 | AM19: =IFERROR(VLOOKUP(AL19,DETALLE_CNOE!$A:$C,3,FALSE),"") | AN19: =IFERROR(VLOOKUP(AL19,DETALLE_CNOE!$A:$C,2,FALSE),"")
A20: 2406 | B20: 00316077 | C20: 46204.257 | D20: 011138118969969 | E20: EL NERVIOSO SL | F20: 380043835890 | G20: 000043622702M | H20: CARLOS JAVIER, ENEDINA | I20: 43191 | K20: 45951 | L20: 1=Enfermedad común | M20: 061=F.R.E.M.A.P. | N20: N=No | Q20: 0 | T20: S=Se acredita carencia | U20: 4=Largo | V20: 274 | AE20: 00 | AF20: 0 | AM20: =IFERROR(VLOOKUP(AL20,DETALLE_CNOE!$A:$C,3,FALSE),"") | AN20: =IFERROR(VLOOKUP(AL20,DETALLE_CNOE!$A:$C,2,FALSE),"")
A21: 1846 | B21: 00316077 | C21: 46204.257 | D21: 011138120237336 | E21: MARTOS DIAZ DANIEL | F21: 381054265385 | G21: 000079159014Y | H21: GONZALEZ HERNANDEZ, YENI ADDYS | I21: 43831 | K21: 46202 | L21: 1=Enfermedad común | M21: 275=FRATERNIDAD-MUPRESPA | N21: N=No | Q21: 0 | T21: S=Se acredita carencia | U21: 1=Muy corto | V21: 3 | W21: 46204 | X21: 06=Mejoría que permite realizar trabajo habitual | Y21: 46204 | Z21: 06=Mejoría que permite realizar trabajo habitual | AE21: 00 | AF21: 0 | AM21: =IFERROR(VLOOKUP(AL21,DETALLE_CNOE!$A:$C,3,FALSE),"") | AN21: =IFERROR(VLOOKUP(AL21,DETALLE_CNOE!$A:$C,2,FALSE),"")
A22: 2421 | B22: 00316077 | C22: 46204.257 | D22: 011138120506613 | E22: QUALITY DRIVERS SOCIEDAD CIVIL | F22: 381060323037 | G22: 000046264381L | H22: ARMAS ORAMAS, LORENA | I22: 45985 | K22: 46195 | L22: 1=Enfermedad común | M22: 010=I.N.S.S. | N22: N=No | Q22: 0 | T22: S=Se acredita carencia | U22: 2=Corto | V22: 25 | AE22: 00 | AF22: 0 | AM22: =IFERROR(VLOOKUP(AL22,DETALLE_CNOE!$A:$C,3,FALSE),"") | AN22: =IFERROR(VLOOKUP(AL22,DETALLE_CNOE!$A:$C,2,FALSE),"")
A23: 2375 | B23: 00316077 | C23: 46204.257 | D23: 011138121403154 | E23: GAMEZ SANTOS SARAY | F23: 381045260452 | G23: 000079087741X | H23: PEREZ LOPEZ, CARMEN | I23: 45300 | K23: 46097 | L23: 1=Enfermedad común | M23: 151=A.S.E.P.E.Y.O. | N23: N=No | Q23: 0 | T23: S=Se acredita carencia | U23: 4=Largo | V23: 127 | AE23: 00 | AF23: 0 | AM23: =IFERROR(VLOOKUP(AL23,DETALLE_CNOE!$A:$C,3,FALSE),"") | AN23: =IFERROR(VLOOKUP(AL23,DETALLE_CNOE!$A:$C,2,FALSE),"")
A24: 2579 | B24: 00316077 | C24: 46204.257 | D24: 016338113307492 | E24: CULTESA, CULTIVOS Y TECNOLOGIA AGRARIA DE TENERIFE,S.A. | F24: 381027037586 | G24: 000054053403E | H24: IZQUIERDO ARMAS, LAURA | I24: 42979 | K24: 45789 | L24: 2=Accidente no laboral | M24: 777=I.N.S.S. | N24: N=No | Q24: 0 | T24: S=Se acredita carencia | U24: 4=Largo | V24: 365 | W24: 45789 | X24: 16=Pase a Pago Directo del INSS/ISM/Mutua | AE24: 00 | AF24: 0 | AM24: =IFERROR(VLOOKUP(AL24,DETALLE_CNOE!$A:$C,3,FALSE),"") | AN24: =IFERROR(VLOOKUP(AL24,DETALLE_CNOE!$A:$C,2,FALSE),"")
B25: 00316077 | C25: 46204.257 | D25: 0521 | F25: 380050806150 | G25: 000042886155X | H25: MORENO CLEMENTE, MARIA PILAR | I25: 45323 | K25: 45972 | L25: 1=Enfermedad común | M25: 010=I.N.S.S. | N25: N=No | Q25: 0 | T25: S=Se acredita carencia | U25: 4=Largo | V25: 253 | W25: 45972 | X25: 16=Pase a Pago Directo del INSS/ISM/Mutua | AE25: 00 | AF25: 0 | AM25: =IFERROR(VLOOKUP(AL25,DETALLE_CNOE!$A:$C,3,FALSE),"") | AN25: =IFERROR(VLOOKUP(AL25,DETALLE_CNOE!$A:$C,2,FALSE),"")
B26: 00316077 | C26: 46204.257 | D26: 0521 | F26: 380056576034 | G26: 000045446566S | H26: BORJA GONZALEZ, ANTONIO DAVID | I26: 41000 | K26: 45923 | L26: 1=Enfermedad común | M26: 151=A.S.E.P.E.Y.O. | N26: N=No | Q26: 0 | T26: S=Se acredita carencia | U26: 4=Largo | V26: 302 | W26: 45923 | X26: 16=Pase a Pago Directo del INSS/ISM/Mutua | AE26: 00 | AF26: 0 | AM26: =IFERROR(VLOOKUP(AL26,DETALLE_CNOE!$A:$C,3,FALSE),"") | AN26: =IFERROR(VLOOKUP(AL26,DETALLE_CNOE!$A:$C,2,FALSE),"")
AM27: =IFERROR(VLOOKUP(AL27,DETALLE_CNOE!$A:$C,3,FALSE),"") | AN27: =IFERROR(VLOOKUP(AL27,DETALLE_CNOE!$A:$C,2,FALSE),"")
AM28: =IFERROR(VLOOKUP(AL28,DETALLE_CNOE!$A:$C,3,FALSE),"") | AN28: =IFERROR(VLOOKUP(AL28,DETALLE_CNOE!$A:$C,2,FALSE),"")
AM29: =IFERROR(VLOOKUP(AL29,DETALLE_CNOE!$A:$C,3,FALSE),"") | AN29: =IFERROR(VLOOKUP(AL29,DETALLE_CNOE!$A:$C,2,FALSE),"")
AM30: =IFERROR(VLOOKUP(AL30,DETALLE_CNOE!$A:$C,3,FALSE),"") | AN30: =IFERROR(VLOOKUP(AL30,DETALLE_CNOE!$A:$C,2,FALSE),"")
AM31: =IFERROR(VLOOKUP(AL31,DETALLE_CNOE!$A:$C,3,FALSE),"") | AN31: =IFERROR(VLOOKUP(AL31,DETALLE_CNOE!$A:$C,2,FALSE),"")
AM32: =IFERROR(VLOOKUP(AL32,DETALLE_CNOE!$A:$C,3,FALSE),"") | AN32: =IFERROR(VLOOKUP(AL32,DETALLE_CNOE!$A:$C,2,FALSE),"")
AM33: =IFERROR(VLOOKUP(AL33,DETALLE_CNOE!$A:$C,3,FALSE),"") | AN33: =IFERROR(VLOOKUP(AL33,DETALLE_CNOE!$A:$C,2,FALSE),"")
AM34: =IFERROR(VLOOKUP(AL34,DETALLE_CNOE!$A:$C,3,FALSE),"") | AN34: =IFERROR(VLOOKUP(AL34,DETALLE_CNOE!$A:$C,2,FALSE),"")
AM35: =IFERROR(VLOOKUP(AL35,DETALLE_CNOE!$A:$C,3,FALSE),"") | AN35: =IFERROR(VLOOKUP(AL35,DETALLE_CNOE!$A:$C,2,FALSE),"")
AM36: =IFERROR(VLOOKUP(AL36,DETALLE_CNOE!$A:$C,3,FALSE),"") | AN36: =IFERROR(VLOOKUP(AL36,DETALLE_CNOE!$A:$C,2,FALSE),"")
AM37: =IFERROR(VLOOKUP(AL37,DETALLE_CNOE!$A:$C,3,FALSE),"") | AN37: =IFERROR(VLOOKUP(AL37,DETALLE_CNOE!$A:$C,2,FALSE),"")
AM38: =IFERROR(VLOOKUP(AL38,DETALLE_CNOE!$A:$C,3,FALSE),"") | AN38: =IFERROR(VLOOKUP(AL38,DETALLE_CNOE!$A:$C,2,FALSE),"")
... AM100: =IFERROR(VLOOKUP(AL100,DETALLE_CNOE!$A:$C,3,FALSE),"") | AN100: =IFERROR(VLOOKUP(AL100,DETALLE_CNOE!$A:$C,2,FALSE),"")

Sheet Datos de Incapacidad Temporal 2
A1: Fichero FIE · SUSASESORES
A2: Datos del Proceso | C2: Datos de la Empresa | E2: Datos del Empleado | J2: Datos de Incapacidad Temporal
A3: expte | B3: Clave Autorización | C3: Fecha recepción | D3: CCC | E3: Empresa | F3: NAF | G3: NIF | H3: Nombre | I3: Fecha Inicio relación laboral | J3: Fecha Extinción relación laboral | K3: Fecha AT/EP | L3: Tipo Accidente | M3: Tipo de asistencia | N3: Fecha siguiente revisión médica Parte de Baja | O3: Fecha Agotamiento 545 días de IT | P3: Fecha de envío PB, PC o PA al INSS | Q3: Base reguladora INSS | R3: Código de resolución IT emitida por el INSS | S3: Fecha de resolución IT emitida por el INSS | T3: Fecha notificación denegación IP al trabajador
A4: 0347 | B4: 00316077 | C4: 46204.257 | D4: 011135110203761 | E4: COMESA CANARIAS SL | F4: 351090246878 | G4: 000078588707F | H4: LUZARDO SANTOS, DIOGENES | I4: 45356 | N4: 46210 | O4: 46726 | P4: 46203
A5: 2281 | B5: 00316077 | C5: 46204.257 | D5: 011135111858825 | E5: MIART CANARIAS S L | F5: 351010635948 | G5: 000045530549W | H5: MORALES GAZQUEZ, FRANCISCO JAVIE | I5: 43891 | N5: 46224 | O5: 46649 | P5: 46203 | Q5: 71.65
A6: 2290 | B6: 00316077 | C6: 46204.257 | D6: 011135121800214 | E6: CANARY GREEN CORNER, S.L.U. | F6: 081477802847 | G6: 0000Z1299039G | H6: GERARDO DOMINGUEZ, MAYDELIN | I6: 45561 | N6: 46224 | O6: 46495 | P6: 46203 | Q6: 51.45
A7: 0008 | B7: 00316077 | C7: 46204.257 | D7: 011138006874023 | E7: EXPLOTACIONES INDUSTRIALES LOS RODEOS S.L. | F7: 381021043996 | G7: 000078561701A | H7: ORIHUELA ARVELO, VANESA | I7: 45419 | N7: 46208 | P7: 46203
A8: 0008 | B8: 00316077 | C8: 46204.257 | D8: 011138006874023 | E8: EXPLOTACIONES INDUSTRIALES LOS RODEOS S.L. | F8: 381023244886 | G8: 000078570816X | H8: BARROSO RODRIGUEZ, ANA BELEN | I8: 44013 | N8: 46220 | O8: 46680 | P8: 46203 | Q8: 52.98
A9: 1644 | B9: 00316077 | C9: 46204.257 | D9: 011138007288695 | E9: FOX SEGURIDAD, S.L. | F9: 381037735474 | G9: 000045728182L | H9: CHINEA CORREA, LEANDRO | I9: 44888 | N9: 46223 | O9: 46557 | P9: 46203 | Q9: 52.8
A10: 1644 | B10: 00316077 | C10: 46204.257 | D10: 011138007288695 | E10: FOX SEGURIDAD, S.L. | F10: 381041702370 | G10: 000055753954E | H10: MOSSUCCA RAMOS, ANTHONY SAVERIO | I10: 46017 | N10: 46216 | O10: 46697 | P10: 46203 | Q10: 71.59
A11: 1796 | B11: 00316077 | C11: 46204.257 | D11: 011138100316970 | E11: BAZAR MARY, S.L. | F11: 381011324192 | G11: 000054046098P | H11: TRUJILLO CARABALLERO, MARCOS ANTONIO | I11: 41891 | N11: 46216 | O11: 46697 | P11: 46203 | Q11: 51.74
A12: 1378 | B12: 00316077 | C12: 46204.257 | D12: 011138102537361 | E12: CARGRI, S.L. | F12: 281608996934 | G12: 0000Y7146540V | H12: GOMEZ ---, DAISY GRISELL | I12: 46197 | N12: 46209 | P12: 46203
A13: 2264 | B13: 00316077 | C13: 46204.257 | D13: 011138110023539 | E13: TRIFAUNA, S.L. | F13: 381017352138 | G13: 000078569126E | H13: GONZALEZ DONATE, JOSE FRANCISCO | I13: 39289 | N13: 46223 | O13: 46466 | P13: 46203 | Q13: 46.04
A14: 1254 | B14: 00316077 | C14: 46204.257 | D14: 011138110581489 | E14: SERVICIOS Y REPRESENTACIONES TAJARASTE. S.L.U | F14: 381056661790 | G14: 000043802639J | H14: HERNANDEZ SOSA, MARIA LUISA | I14: 44544 | N14: 46216 | P14: 46203
A15: 1254 | B15: 00316077 | C15: 46204.257 | D15: 011138110581489 | E15: SERVICIOS Y REPRESENTACIONES TAJARASTE. S.L.U | F15: 381090020801 | G15: 000049513344W | H15: CABRERA MORALES, GIOVANNI | I15: 46170 | N15: 46214 | P15: 46203
A16: 1681 | B16: 00316077 | C16: 46204.257 | D16: 011138115160091 | E16: TRANSPORTES Y GRUAS CARBALLO,S.L. | F16: 381005974745 | G16: 000043796341V | H16: FEBLES SANJUAN, FRANCISCO ANTON | I16: 44684 | N16: 46220 | O16: 46694 | P16: 46203 | Q16: 73.46
A17: 2068 | B17: 00316077 | C17: 46204.257 | D17: 011138118704736 | E17: TENSER EXPERTOS, SL | F17: 381016991420 | G17: 000078712377Y | H17: LOPEZ DENIZ, RICARDO | I17: 43560 | N17: 46222 | O17: 46640 | P17: 46203 | Q17: 47.48
A18: 2406 | B18: 00316077 | C18: 46204.257 | D18: 011138118969969 | E18: EL NERVIOSO SL | F18: 380043835890 | G18: 000043622702M | H18: CARLOS JAVIER, ENEDINA | I18: 43191 | N18: 46224 | O18: 46495 | P18: 46203 | Q18: 57.61
A19: 2421 | B19: 00316077 | C19: 46204.257 | D19: 011138120506613 | E19: QUALITY DRIVERS SOCIEDAD CIVIL | F19: 381060323037 | G19: 000046264381L | H19: ARMAS ORAMAS, LORENA | I19: 45985 | N19: 46213 | O19: 46739 | P19: 46203 | Q19: 30.61
A20: 2375 | B20: 00316077 | C20: 46204.257 | D20: 011138121403154 | E20: GAMEZ SANTOS SARAY | F20: 381045260452 | G20: 000079087741X | H20: PEREZ LOPEZ, CARMEN | I20: 45300 | N20: 46223 | O20: 46641 | P20: 46203 | Q20: 34.08
A21: 2579 | B21: 00316077 | C21: 46204.257 | D21: 016338113307492 | E21: CULTESA, CULTIVOS Y TECNOLOGIA AGRARIA DE TENERIFE,S.A. | F21: 381027037586 | G21: 000054053403E | H21: IZQUIERDO ARMAS, LAURA | I21: 42979 | N21: 46188 | O21: 46333 | Q21: 47.54 | R21: 11=Alta médica enviada por carta al trabajador | S21: 46203
B22: 00316077 | C22: 46204.257 | D22: 0521 | F22: 380050806150 | G22: 000042886155X | H22: MORENO CLEMENTE, MARIA PILAR | I22: 45323 | N22: 46224 | O22: 46516 | P22: 46203
B23: 00316077 | C23: 46204.257 | D23: 0521 | F23: 380056576034 | G23: 000045446566S | H23: BORJA GONZALEZ, ANTONIO DAVID | I23: 41000 | N23: 46224 | O23: 46467 | P23: 46203

Sheet IT pago Directo
A1: Fichero FIE · SUSASESORES
A2: Datos del Proceso | C2: Datos de la Empresa | E2: Datos del Empleado | J2: Datos de Incapacidad Temporal
A3: expte | B3: Clave Autorización | C3: Fecha recepción | D3: CCC | E3: Empresa | F3: NAF | G3: NIF | H3: Nombre | I3: Fecha Inicio relación laboral | J3: Fecha Extinción relación laboral | K3: Fecha Inicio Pago Directo | L3: Entidad Inicio Pago directo | M3: Entidad responsable actual | N3: Fecha Inicio Pago entidad responsable | O3: Fecha Fin pago directo | P3: Base reguladora pago directo

Sheet Otros datos de IT
A1: Fichero FIE · SUSASESORES
A2: Datos del Proceso | C2: Datos de la Empresa | E2: Datos del Empleado | J2: Datos de Incapacidad Temporal
A3: expte | B3: Clave Autorización | C3: Fecha recepción | D3: CCC | E3: Empresa | F3: NAF | G3: NIF | H3: Nombre | I3: Fecha Inicio relación laboral | J3: Fecha Extinción relación laboral | K3: Fecha Inicio Proc. Revisión alta MCSS | L3: Fecha Causa 89 | M3: Fecha Causa 90 | N3: Fecha Causa 91 | O3: Fecha Causa 92 | P3: Indicador Proc. 170.2 | Q3: Fecha Causa 42 | R3: Fecha Causa 35 | S3: Fecha Agotamiento 545 días IT | T3: Fecha inicio expediente IP

Sheet Continuación situación en IT
A1: Fichero FIE · SUSASESORES
A2: Datos del Proceso | C2: Datos de la Empresa | E2: Datos del Empleado | J2: Datos de Incapacidad Temporal
A3: expte | B3: Clave Autorización | C3: Fecha recepción | D3: CCC | E3: Empresa | F3: NAF | G3: NIF | H3: Nombre | I3: Fecha Inicio relación laboral | J3: Fecha Extinción relación laboral | K3: Fecha del parte de confirmación | L3: Número de parte de confirmación | M3: Fecha de cumplimiento de 365 días | N3: Fecha siguiente revisión médica
A4: 0347 | B4: 00316077 | C4: 46204.257 | D4: 011135110203761 | E4: COMESA CANARIAS SL | F4: 351090246878 | G4: 000078588707F | H4: LUZARDO SANTOS, DIOGENES | I4: 45356 | K4: 46203 | L4: 3 | M4: 46546 | N4: 46210
A5: 2281 | B5: 00316077 | C5: 46204.257 | D5: 011135111858825 | E5: MIART CANARIAS S L | F5: 351010635948 | G5: 000045530549W | H5: MORALES GAZQUEZ, FRANCISCO JAVIE | I5: 43891 | K5: 46203 | L5: 5 | M5: 46469 | N5: 46224
A6: 2290 | B6: 00316077 | C6: 46204.257 | D6: 011135121800214 | E6: CANARY GREEN CORNER, S.L.U. | F6: 081477802847 | G6: 0000Z1299039G | H6: GERARDO DOMINGUEZ, MAYDELIN | I6: 45561 | K6: 46203 | L6: 16 | M6: 46315 | N6: 46224
A7: 0008 | B7: 00316077 | C7: 46204.257 | D7: 011138006874023 | E7: EXPLOTACIONES INDUSTRIALES LOS RODEOS S.L. | F7: 381023244886 | G7: 000078570816X | H7: BARROSO RODRIGUEZ, ANA BELEN | I7: 44013 | K7: 46199 | L7: 4 | M7: 46500 | N7: 46220
A8: 1644 | B8: 00316077 | C8: 46204.257 | D8: 011138007288695 | E8: FOX SEGURIDAD, S.L. | F8: 381037735474 | G8: 000045728182L | H8: CHINEA CORREA, LEANDRO | I8: 44888 | K8: 46202 | L8: 11 | M8: 46377 | N8: 46223
A9: 1644 | B9: 00316077 | C9: 46204.257 | D9: 011138007288695 | E9: FOX SEGURIDAD, S.L. | F9: 381041702370 | G9: 000055753954E | H9: MOSSUCCA RAMOS, ANTHONY SAVERIO | I9: 46017 | K9: 46202 | L9: 6 | M9: 46517 | N9: 46216
A10: 1796 | B10: 00316077 | C10: 46204.257 | D10: 011138100316970 | E10: BAZAR MARY, S.L. | F10: 381011324192 | G10: 000054046098P | H10: TRUJILLO CARABALLERO, MARCOS ANTONIO | I10: 41891 | K10: 46202 | L10: 5 | M10: 46517 | N10: 46216
A11: 2264 | B11: 00316077 | C11: 46204.257 | D11: 011138110023539 | E11: TRIFAUNA, S.L. | F11: 381017352138 | G11: 000078569126E | H11: GONZALEZ DONATE, JOSE FRANCISCO | I11: 39289 | K11: 46202 | L11: 17 | M11: 46286 | N11: 46223
A12: 1681 | B12: 00316077 | C12: 46204.257 | D12: 011138115160091 | E12: TRANSPORTES Y GRUAS CARBALLO,S.L. | F12: 381005974745 | G12: 000043796341V | H12: FEBLES SANJUAN, FRANCISCO ANTON | I12: 44684 | K12: 46199 | L12: 4 | M12: 46514 | N12: 46220
A13: 2068 | B13: 00316077 | C13: 46204.257 | D13: 011138118704736 | E13: TENSER EXPERTOS, SL | F13: 381016991420 | G13: 000078712377Y | H13: LOPEZ DENIZ, RICARDO | I13: 43560 | K13: 46201 | L13: 8 | M13: 46460 | N13: 46222
A14: 2406 | B14: 00316077 | C14: 46204.257 | D14: 011138118969969 | E14: EL NERVIOSO SL | F14: 380043835890 | G14: 000043622702M | H14: CARLOS JAVIER, ENEDINA | I14: 43191 | K14: 46203 | L14: 14 | M14: 46315 | N14: 46224
A15: 2421 | B15: 00316077 | C15: 46204.257 | D15: 011138120506613 | E15: QUALITY DRIVERS SOCIEDAD CIVIL | F15: 381060323037 | G15: 000046264381L | H15: ARMAS ORAMAS, LORENA | I15: 45985 | K15: 46202 | L15: 1 | M15: 46559 | N15: 46213
A16: 2375 | B16: 00316077 | C16: 46204.257 | D16: 011138121403154 | E16: GAMEZ SANTOS SARAY | F16: 381045260452 | G16: 000079087741X | H16: PEREZ LOPEZ, CARMEN | I16: 45300 | K16: 46202 | L16: 8 | M16: 46461 | N16: 46223
B17: 00316077 | C17: 46204.257 | D17: 0521 | F17: 380050806150 | G17: 000042886155X | H17: MORENO CLEMENTE, MARIA PILAR | I17: 45323 | K17: 46203 | L17: 15 | M17: 46336 | N17: 46224
B18: 00316077 | C18: 46204.257 | D18: 0521 | F18: 380056576034 | G18: 000045446566S | H18: BORJA GONZALEZ, ANTONIO DAVID | I18: 41000 | K18: 46203 | L18: 16 | M18: 46287 | N18: 46224

Sheet Datos Incapacidad Permanente
A1: Fichero FIE · SUSASESORES
A2: Datos del Proceso | C2: Datos de la Empresa | E2: Datos del Empleado | J2: Datos de Incapacidad Temporal
A3: expte | B3: Clave Autorización | C3: Fecha recepción | D3: CCC | E3: Empresa | F3: NAF | G3: NIF | H3: Nombre | I3: Fecha Inicio relación laboral | J3: Fecha Extinción relación laboral | K3: Fecha de baja IT | L3: Fecha Propuesta IP | M3: Entidad Responsable | N3: Causa Inicio IP | O3: Tipo de resolución | P3: Fecha Hecho Causante IP | Q3: Origen Resolución IP | R3: Fecha de Efectos IP | S3: Fecha de Resolución IP | T3: Tipo de IP | U3: Fecha Desde Demora | V3: Fecha Fin Demora | W3: Indicador de Revisión | X3: Fecha de Revisión

Sheet Datos de Jubilación
A1: Fichero FIE · SUSASESORES
A2: Datos del Proceso | C2: Datos de la Empresa | E2: Datos del Empleado | J2: Datos de Incapacidad Temporal
A3: expte | B3: Clave Autorización | C3: Fecha recepción | D3: CCC | E3: Empresa | F3: NAF | G3: NIF | H3: Nombre | I3: Fecha Inicio relación laboral | J3: Fecha Extinción relación laboral | K3: Tipo de resolución | L3: Tipo de Jubilación | M3: Fecha de Efectos Económicos

Sheet Datos de Otras Prestaciones
A1: Fichero FIE · SUSASESORES
A2: Datos del Proceso | C2: Datos de la Empresa | E2: Datos del Empleado | J2: Datos de Incapacidad Temporal
A3: expte | B3: Clave Autorización | C3: Fecha recepción | D3: CCC | E3: Empresa | F3: NAF | G3: NIF | H3: Nombre | I3: Fecha Inicio relación laboral | J3: Fecha Extinción relación laboral | K3: Prestación | L3: Motivo de Solicitud | M3: Entidad responsable | N3: Fecha del Hecho causante | O3: Fecha inicio pago prestación | P3: Fecha fin pago prestación | Q3: Causa fin pago prestación | R3: Base Reguladora | S3: Porcentaje de parcialidad | T3: Ampliación del subsidio NYCM | U3: Días de ampliación del subsidio NYCM
A4: 2569 | B4: 00316077 | C4: 46204.257 | D4: 011135121438987 | E4: GRUPO CYMASOL RENOVABLES, S.L. | F4: 071061731669 | G4: 000043173190M | H4: BIGAS RIGO, RAMON | I4: 45323 | K4: NC=Nacimiento y cuidado de menor | L4: 1=Nacimiento de hijo | M4: 777=I.N.S.S. | N4: 46000 | O4: 46202 | P4: 46236 | Q4: 08=Baja en Seguridad Social / de oficio por vencimiento | R4: 0 | S4: 0 | U4: 000

Sheet Datos sobre nacimientos
A1: Fichero FIE · SUSASESORES
A2: Datos del Proceso | C2: Datos de la Empresa | E2: Datos del Empleado | J2: Datos de Incapacidad Temporal
A3: expte | B3: Clave Autorización | C3: Fecha recepción | D3: CCC | E3: Empresa | F3: NAF | G3: NIF | H3: Nombre | I3: Fecha Inicio relación laboral | J3: Fecha Extinción relación laboral | K3: Fecha del hecho causante de la prestación de NYCM

Sheet DETALLE_CNOE
A1: CATEGORIA | B1: DETALLE TRABAJOS | C1: CNOE
A2: A1 RESPI+D | B2: Trabajos de responsabilidad técnica e I+D. | C2: 1223
A3: A2 T MED P | B3: Trabajos técnicos de grado medio y apoyo profesional. | C3: 1223
A4: ADJUNTO DIRECCION | B4: Trabajos de apoyo a dirección y coordinación interna. | C4: 3132
A5: AUX ADMINISTRATIVO | B5: TRABAJOS DE MECANOGRAFÍA, GESTIÓN DOCUMENTAL, ATENCIÓN TELEFÓNICA, ETC | C5: 4500
A6: AUXILIAR DE CAJA + 18 AÑOS | B6: Trabajos auxiliares de caja y atención al cliente. | C6: 5499
A7: AUXILIAR DE CLINICA | B7: Trabajos de apoyo clínico y preparación de material. | C7: 5612
A8: AUXILIAR DE SERVICIOS | B8: ACOMPAÑAMIENTO EN TRANSPORTE PARA PERSONAS CON CAPACIDADES ESPECIALES EN TRANSPORTE MIENTRAS DURE EL CURSO ESCOLAR | C8: 5999
A9: AYUDANTE CAMARERO | B9: Trabajos de apoyo en sala, barra y limpieza. | C9: 5120
A10: AYUDANTE COCINERO | B10: Trabajos de apoyo en cocina, preparación y limpieza. | C10: 9310
A11: AYUDANTE DE COCINA | B11: TRABAJOS DE AYUDA AL COCINERO EN LABORES COMO ELABORACIÓN DE PLATOS, LIMPIEZA, ETC. | C11: 9310
A12: AYUDANTE DE DEPENDIENTE | B12: Trabajos de apoyo en venta, reposición y atención. | C12: 5220
... A92: VIAJANTE-COMERCIAL | B92: PROMOVER Y VENDER PRODUCTOS O SERVICIOS EN NOMBRE DE EMPRESAS CLIENTES | C92: 3510
