Workbook
Name Lista_CNOE: 'DETALLE_CNOE'!$A$2:$A$96

Sheet Datos de Incapacidad Temporal
A1: Fichero FIE · SUSASESORES
A2: Datos del Proceso | C2: Datos de la Empresa | E2: Datos del Empleado | J2: Datos de Incapacidad Temporal | AG2: Datos Economicos FIE 2
A3: expte | B3: Clave Autorización | C3: Fecha recepción | D3: CCC | E3: Empresa | F3: NAF | G3: NIF | H3: Nombre | I3: Fecha Inicio relación laboral | J3: Fecha Extinción relación laboral | K3: Fecha baja IT | L3: Contingencia | M3: Entidad responsable | N3: Indicador de recaída | O3: Fecha proceso inicial | P3: Fecha proceso anterior | Q3: Días acumulados | R3: Fecha proceso IT inexistente | S3: Causa IT proceso inexistente | T3: Indicador Carencia | U3: Tipo de proceso | V3: Duración estimada | W3: Fecha fin Pago Delegado | X3: Causa Fin Pago Delegado | Y3: Fecha fin IT | Z3: Causa fin IT | AA3: Parte de baja anulado | AB3: Parte de alta anulado | AC3: Modalidad de pago | AD3: Situaciones Especiales de IT | AE3: Procesos con peculiaridades en pago y cotización | AF3: Indicador de IT internacional | AG3: TIPO CONTRATO | AH3: BASE | AI3: DIA | AJ3: PUESTO DE TRABAJO | AK3: CNOE | AL3: DETALLE CNOE | AM3: BAJA Y ALTA
A4: 2163 | B4: 00316077 | C4: 46213.247 | D4: 011135005063573 | E4: GROSA S.L. | F4: 350051717411 | G4: 000052858843J | H4: LOPEZ GUERRERO, ANTONIO FRANCIS | I4: 43691 | K4: 46206 | L4: 1=Enfermedad común | M4: 010=I.N.S.S. | N4: N=No | Q4: 0 | T4: S=Se acredita carencia | U4: 3=Medio | V4: 36 | AE4: 00 | AF4: 0 | AK4: =IFERROR(VLOOKUP(AJ4,DETALLE_CNOE!$A:$C,3,FALSE),"") | AL4: =IFERROR(VLOOKUP(AJ4,DETALLE_CNOE!$A:$C,2,FALSE),"")
A5: 1681 | B5: 00316077 | C5: 46213.247 | D5: 011135115989409 | E5: TRANSPORTES Y GRUAS CARBALLO,SL | F5: 351022156922 | G5: 000054081409Z | H5: SUAREZ SANTANA, DIONISIO ECHEDE | I5: 45873 | K5: 46128 | L5: 1=Enfermedad común | M5: 151=A.S.E.P.E.Y.O. | N5: N=No | Q5: 0 | T5: S=Se acredita carencia | U5: 4=Largo | V5: 106 | AE5: 00 | AF5: 0 | AK5: =IFERROR(VLOOKUP(AJ5,DETALLE_CNOE!$A:$C,3,FALSE),"") | AL5: =IFERROR(VLOOKUP(AJ5,DETALLE_CNOE!$A:$C,2,FALSE),"")
A6: 2290 | B6: 00316077 | C6: 46213.247 | D6: 011135121800214 | E6: CANARY GREEN CORNER, S.L.U. | F6: 350059932196 | G6: 000052839257T | H6: CORDERO GONZALEZ, JOSE TOMAS | I6: 44252 | K6: 46177 | L6: 1=Enfermedad común | M6: 151=A.S.E.P.E.Y.O. | N6: N=No | Q6: 0 | T6: S=Se acredita carencia | U6: 3=Medio | V6: 50 | AE6: 00 | AF6: 0 | AK6: =IFERROR(VLOOKUP(AJ6,DETALLE_CNOE!$A:$C,3,FALSE),"") | AL6: =IFERROR(VLOOKUP(AJ6,DETALLE_CNOE!$A:$C,2,FALSE),"")
A7: 1476 | B7: 00316077 | C7: 46213.247 | D7: 011138100817633 | E7: ALUMINIOS CARPAL S.L. | F7: 381006096300 | G7: 000078705669Z | H7: MENDEZ ALAMO, ESTEBAN DAVID | I7: 45923 | K7: 45966 | L7: 1=Enfermedad común | M7: 151=A.S.E.P.E.Y.O. | N7: N=No | Q7: 0 | T7: S=Se acredita carencia | U7: 4=Largo | V7: 267 | AE7: 00 | AF7: 0 | AK7: =IFERROR(VLOOKUP(AJ7,DETALLE_CNOE!$A:$C,3,FALSE),"") | AL7: =IFERROR(VLOOKUP(AJ7,DETALLE_CNOE!$A:$C,2,FALSE),"")
A8: 1378 | B8: 00316077 | C8: 46213.247 | D8: 011138102537361 | E8: CARGRI, S.L. | F8: 381033206685 | G8: 000042419345P | H8: VARGAS SANTANA, MANUEL ARTURO | I8: 45003 | K8: 46206 | L8: 1=Enfermedad común | M8: 275=FRATERNIDAD-MUPRESPA | N8: N=No | Q8: 0 | T8: S=Se acredita carencia | U8: 2=Corto | V8: 12 | W8: 46212 | X8: 06=Mejoría que permite realizar trabajo habitual | Y8: 46212 | Z8: 06=Mejoría que permite realizar trabajo habitual | AE8: 00 | AF8: 0 | AK8: =IFERROR(VLOOKUP(AJ8,DETALLE_CNOE!$A:$C,3,FALSE),"") | AL8: =IFERROR(VLOOKUP(AJ8,DETALLE_CNOE!$A:$C,2,FALSE),"")
A9: 0347 | B9: 00316077 | C9: 46213.247 | D9: 011138104325700 | E9: COMESA CANARIAS,S.L.U. | F9: 381009516760 | G9: 000078618986H | H9: YANES PACHECO, JESUS DANIEL | I9: 45497 | K9: 46204 | L9: 1=Enfermedad común | M9: 183=MUTUA BALEAR | N9: N=No | Q9: 0 | T9: S=Se acredita carencia | U9: 2=Corto | V9: 29 | W9: 46211 | X9: 06=Mejoría que permite realizar trabajo habitual | Y9: 46211 | Z9: 06=Mejoría que permite realizar trabajo habitual | AE9: 00 | AF9: 0 | AK9: =IFERROR(VLOOKUP(AJ9,DETALLE_CNOE!$A:$C,3,FALSE),"") | AL9: =IFERROR(VLOOKUP(AJ9,DETALLE_CNOE!$A:$C,2,FALSE),"")
A10: 1010 | B10: 00316077 | C10: 46213.247 | D10: 011138107526595 | E10: HERNANDEZ ALONSO ESTEBAN DOMINGO | F10: 381014777695 | G10: 000078568960V | H10: HERNANDEZ TRUJILLO, JOSE IVAN | I10: 45495 | K10: 46098 | L10: 1=Enfermedad común | M10: 010=I.N.S.S. | N10: N=No | Q10: 0 | T10: S=Se acredita carencia | U10: 4=Largo | V10: 150 | AE10: 00 | AF10: 0 | AK10: =IFERROR(VLOOKUP(AJ10,DETALLE_CNOE!$A:$C,3,FALSE),"") | AL10: =IFERROR(VLOOKUP(AJ10,DETALLE_CNOE!$A:$C,2,FALSE),"")
A11: 1764 | B11: 00316077 | C11: 46213.247 | D11: 011138112389632 | E11: CONSTRUCCIONES GONZALEZ HERRERA SL | F11: 381052392073 | G11: 000078723354N | H11: MESA NEGRIN, JOSUHA | I11: 46181 | J11: 46212 | K11: 46211 | L11: 1=Enfermedad común | M11: 777=I.N.S.S. | N11: N=No | Q11: 0 | T11: S=Se acredita carencia | U11: 1=Muy corto | V11: 1 | W11: 46211 | X11: 06=Mejoría que permite realizar trabajo habitual | Y11: 46211 | Z11: 06=Mejoría que permite realizar trabajo habitual | AE11: 00 | AF11: 0 | AK11: =IFERROR(VLOOKUP(AJ11,DETALLE_CNOE!$A:$C,3,FALSE),"") | AL11: =IFERROR(VLOOKUP(AJ11,DETALLE_CNOE!$A:$C,2,FALSE),"")
A12: 0699 | B12: 00316077 | C12: 46213.247 | D12: 011138113510687 | E12: IZQUIERDO IZQUIERDO MANUEL JESUS | F12: 381028306569 | G12: 000078637285D | H12: GONZALEZ BARROSO, CARLOS ANTONIO | I12: 46104 | K12: 46160 | L12: 3=Accidente de Trabajo | M12: 010=I.N.S.S. | N12: N=No | Q12: 0 | T12: S=Se acredita carencia | U12: 4=Largo | V12: 61 | AE12: 00 | AF12: 0 | AK12: =IFERROR(VLOOKUP(AJ12,DETALLE_CNOE!$A:$C,3,FALSE),"") | AL12: =IFERROR(VLOOKUP(AJ12,DETALLE_CNOE!$A:$C,2,FALSE),"")
A13: 1846 | B13: 00316077 | C13: 46213.247 | D13: 011138120237336 | E13: MARTOS DIAZ DANIEL | F13: 380052663702 | G13: 000043785392Q | H13: MESA LLAMERA, CARMEN A | I13: 45043 | K13: 46142 | L13: 1=Enfermedad común | M13: 275=FRATERNIDAD-MUPRESPA | N13: N=No | Q13: 0 | T13: S=Se acredita carencia | U13: 4=Largo | V13: 92 | AE13: 00 | AF13: 0 | AK13: =IFERROR(VLOOKUP(AJ13,DETALLE_CNOE!$A:$C,3,FALSE),"") | AL13: =IFERROR(VLOOKUP(AJ13,DETALLE_CNOE!$A:$C,2,FALSE),"")
A14: 2273 | B14: 00316077 | C14: 46213.247 | D14: 011138120789327 | E14: JOBEGELA SL | F14: 381056325324 | G14: 000043835401T | H14: ROSALES CARRILLO, ELIANA | I14: 44319 | K14: 46212 | L14: 1=Enfermedad común | M14: 151=A.S.E.P.E.Y.O. | N14: N=No | Q14: 0 | T14: S=Se acredita carencia | U14: 1=Muy corto | V14: 4 | AE14: 00 | AF14: 0 | AK14: =IFERROR(VLOOKUP(AJ14,DETALLE_CNOE!$A:$C,3,FALSE),"") | AL14: =IFERROR(VLOOKUP(AJ14,DETALLE_CNOE!$A:$C,2,FALSE),"")
A15: 2593 | B15: 00316077 | C15: 46213.247 | D15: 011138123326683 | E15: HERNANDEZ VIZCAINO ALAIN MAHY | F15: 381022004502 | G15: 000042068959G | H15: HERNANDEZ RODRIGUEZ, MARIA CANDELARI | I15: 45748 | K15: 45854 | L15: 1=Enfermedad común | M15: 272=M.A.C. MUTUA DE ACCIDENTES CANARIA | N15: N=No | Q15: 0 | T15: S=Se acredita carencia | U15: 4=Largo | V15: 365 | AE15: 00 | AF15: 0 | AK15: =IFERROR(VLOOKUP(AJ15,DETALLE_CNOE!$A:$C,3,FALSE),"") | AL15: =IFERROR(VLOOKUP(AJ15,DETALLE_CNOE!$A:$C,2,FALSE),"")
B16: 00316077 | C16: 46213.247 | D16: 0521 | F16: 460174843312 | G16: 000042836127F | H16: SERRA GENOVES, JOSE JAVIER | I16: 37316 | K16: 46191 | L16: 1=Enfermedad común | M16: 061=F.R.E.M.A.P. | N16: N=No | Q16: 0 | T16: S=Se acredita carencia | U16: 3=Medio | V16: 36 | W16: 46191 | X16: 16=Pase a Pago Directo del INSS/ISM/Mutua | AE16: 00 | AF16: 0 | AK16: =IFERROR(VLOOKUP(AJ16,DETALLE_CNOE!$A:$C,3,FALSE),"") | AL16: =IFERROR(VLOOKUP(AJ16,DETALLE_CNOE!$A:$C,2,FALSE),"")
AK17: =IFERROR(VLOOKUP(AJ17,DETALLE_CNOE!$A:$C,3,FALSE),"") | AL17: =IFERROR(VLOOKUP(AJ17,DETALLE_CNOE!$A:$C,2,FALSE),"")
AK18: =IFERROR(VLOOKUP(AJ18,DETALLE_CNOE!$A:$C,3,FALSE),"") | AL18: =IFERROR(VLOOKUP(AJ18,DETALLE_CNOE!$A:$C,2,FALSE),"")
AK19: =IFERROR(VLOOKUP(AJ19,DETALLE_CNOE!$A:$C,3,FALSE),"") | AL19: =IFERROR(VLOOKUP(AJ19,DETALLE_CNOE!$A:$C,2,FALSE),"")
AK20: =IFERROR(VLOOKUP(AJ20,DETALLE_CNOE!$A:$C,3,FALSE),"") | AL20: =IFERROR(VLOOKUP(AJ20,DETALLE_CNOE!$A:$C,2,FALSE),"")
AK21: =IFERROR(VLOOKUP(AJ21,DETALLE_CNOE!$A:$C,3,FALSE),"") | AL21: =IFERROR(VLOOKUP(AJ21,DETALLE_CNOE!$A:$C,2,FALSE),"")
AK22: =IFERROR(VLOOKUP(AJ22,DETALLE_CNOE!$A:$C,3,FALSE),"") | AL22: =IFERROR(VLOOKUP(AJ22,DETALLE_CNOE!$A:$C,2,FALSE),"")
AK23: =IFERROR(VLOOKUP(AJ23,DETALLE_CNOE!$A:$C,3,FALSE),"") | AL23: =IFERROR(VLOOKUP(AJ23,DETALLE_CNOE!$A:$C,2,FALSE),"")
AK24: =IFERROR(VLOOKUP(AJ24,DETALLE_CNOE!$A:$C,3,FALSE),"") | AL24: =IFERROR(VLOOKUP(AJ24,DETALLE_CNOE!$A:$C,2,FALSE),"")
AK25: =IFERROR(VLOOKUP(AJ25,DETALLE_CNOE!$A:$C,3,FALSE),"") | AL25: =IFERROR(VLOOKUP(AJ25,DETALLE_CNOE!$A:$C,2,FALSE),"")
AK26: =IFERROR(VLOOKUP(AJ26,DETALLE_CNOE!$A:$C,3,FALSE),"") | AL26: =IFERROR(VLOOKUP(AJ26,DETALLE_CNOE!$A:$C,2,FALSE),"")
AK27: =IFERROR(VLOOKUP(AJ27,DETALLE_CNOE!$A:$C,3,FALSE),"") | AL27: =IFERROR(VLOOKUP(AJ27,DETALLE_CNOE!$A:$C,2,FALSE),"")
AK28: =IFERROR(VLOOKUP(AJ28,DETALLE_CNOE!$A:$C,3,FALSE),"") | AL28: =IFERROR(VLOOKUP(AJ28,DETALLE_CNOE!$A:$C,2,FALSE),"")
... AK100: =IFERROR(VLOOKUP(AJ100,DETALLE_CNOE!$A:$C,3,FALSE),"") | AL100: =IFERROR(VLOOKUP(AJ100,DETALLE_CNOE!$A:$C,2,FALSE),"")

Sheet Datos de Incapacidad Temporal 2
A1: Fichero FIE · SUSASESORES
A2: Datos del Proceso | C2: Datos de la Empresa | E2: Datos del Empleado | J2: Datos de Incapacidad Temporal
A3: expte | B3: Clave Autorización | C3: Fecha recepción | D3: CCC | E3: Empresa | F3: NAF | G3: NIF | H3: Nombre | I3: Fecha Inicio relación laboral | J3: Fecha Extinción relación laboral | K3: Fecha AT/EP | L3: Tipo Accidente | M3: Tipo de asistencia | N3: Fecha siguiente revisión médica Parte de Baja | O3: Fecha Agotamiento 545 días de IT | P3: Fecha de envío PB, PC o PA al INSS | Q3: Base reguladora INSS | R3: Código de resolución IT emitida por el INSS | S3: Fecha de resolución IT emitida por el INSS | T3: Fecha notificación denegación IP al trabajador
A4: 2163 | B4: 00316077 | C4: 46213.247 | D4: 011135005063573 | E4: GROSA S.L. | F4: 350051717411 | G4: 000052858843J | H4: LOPEZ GUERRERO, ANTONIO FRANCIS | I4: 43691 | N4: 46226 | O4: 46750 | P4: 46212
A5: 1681 | B5: 00316077 | C5: 46213.247 | D5: 011135115989409 | E5: TRANSPORTES Y GRUAS CARBALLO,SL | F5: 351022156922 | G5: 000054081409Z | H5: SUAREZ SANTANA, DIONISIO ECHEDE | I5: 45873 | N5: 46233 | O5: 46672 | P5: 46212 | Q5: 36.01
A6: 2290 | B6: 00316077 | C6: 46213.247 | D6: 011135121800214 | E6: CANARY GREEN CORNER, S.L.U. | F6: 350059932196 | G6: 000052839257T | H6: CORDERO GONZALEZ, JOSE TOMAS | I6: 44252 | N6: 46226 | O6: 46721 | P6: 46212 | Q6: 51.25
A7: 1476 | B7: 00316077 | C7: 46213.247 | D7: 011138100817633 | E7: ALUMINIOS CARPAL S.L. | F7: 381006096300 | G7: 000078705669Z | H7: MENDEZ ALAMO, ESTEBAN DAVID | I7: 45923 | N7: 46232 | O7: 46510 | P7: 46212 | Q7: 50.87
A8: 1378 | B8: 00316077 | C8: 46213.247 | D8: 011138102537361 | E8: CARGRI, S.L. | F8: 381033206685 | G8: 000042419345P | H8: VARGAS SANTANA, MANUEL ARTURO | I8: 45003 | O8: 46750 | P8: 46212
A9: 0347 | B9: 00316077 | C9: 46213.247 | D9: 011138104325700 | E9: COMESA CANARIAS,S.L.U. | F9: 381009516760 | G9: 000078618986H | H9: YANES PACHECO, JESUS DANIEL | I9: 45497 | O9: 46748 | P9: 46212
A10: 1010 | B10: 00316077 | C10: 46213.247 | D10: 011138107526595 | E10: HERNANDEZ ALONSO ESTEBAN DOMINGO | F10: 381014777695 | G10: 000078568960V | H10: HERNANDEZ TRUJILLO, JOSE IVAN | I10: 45495 | N10: 46247 | O10: 46642 | P10: 46212 | Q10: 61.22
A11: 0699 | B11: 00316077 | C11: 46213.247 | D11: 011138113510687 | E11: IZQUIERDO IZQUIERDO MANUEL JESUS | F11: 381028306569 | G11: 000078637285D | H11: GONZALEZ BARROSO, CARLOS ANTONIO | I11: 46104 | K11: 46160 | L11: 1=Leve | M11: A=Ambulatoria | N11: 46220 | O11: 46704 | P11: 46212
A12: 1846 | B12: 00316077 | C12: 46213.247 | D12: 011138120237336 | E12: MARTOS DIAZ DANIEL | F12: 380052663702 | G12: 000043785392Q | H12: MESA LLAMERA, CARMEN A | I12: 45043 | N12: 46233 | O12: 46686 | P12: 46212 | Q12: 22.92
A13: 2273 | B13: 00316077 | C13: 46213.247 | D13: 011138120789327 | E13: JOBEGELA SL | F13: 381056325324 | G13: 000043835401T | H13: ROSALES CARRILLO, ELIANA | I13: 44319 | Q13: 50.77
A14: 2593 | B14: 00316077 | C14: 46213.247 | D14: 011138123326683 | E14: HERNANDEZ VIZCAINO ALAIN MAHY | F14: 381022004502 | G14: 000042068959G | H14: HERNANDEZ RODRIGUEZ, MARIA CANDELARI | I14: 45748 | N14: 46218 | O14: 46398 | P14: 46212
B15: 00316077 | C15: 46213.247 | D15: 0521 | F15: 460174843312 | G15: 000042836127F | H15: SERRA GENOVES, JOSE JAVIER | I15: 37316 | N15: 46226 | O15: 46735 | P15: 46212

Sheet IT pago Directo
A1: Fichero FIE · SUSASESORES
A2: Datos del Proceso | C2: Datos de la Empresa | E2: Datos del Empleado | J2: Datos de Incapacidad Temporal
A3: expte | B3: Clave Autorización | C3: Fecha recepción | D3: CCC | E3: Empresa | F3: NAF | G3: NIF | H3: Nombre | I3: Fecha Inicio relación laboral | J3: Fecha Extinción relación laboral | K3: Fecha Inicio Pago Directo | L3: Entidad Inicio Pago directo | M3: Entidad responsable actual | N3: Fecha Inicio Pago entidad responsable | O3: Fecha Fin pago directo | P3: Base reguladora pago directo

Sheet Otros datos de IT
A1: Fichero FIE · SUSASESORES
A2: Datos del Proceso | C2: Datos de la Empresa | E2: Datos del Empleado | J2: Datos de Incapacidad Temporal
A3: expte | B3: Clave Autorización | C3: Fecha recepción | D3: CCC | E3: Empresa | F3: NAF | G3: NIF | H3: Nombre | I3: Fecha Inicio relación laboral | J3: Fecha Extinción relación laboral | K3: Fecha Inicio Proc. Revisión alta MCSS | L3: Fecha Causa 89 | M3: Fecha Causa 90 | N3: Fecha Causa 91 | O3: Fecha Causa 92 | P3: Indicador Proc. 170.2 | Q3: Fecha Causa 42 | R3: Fecha Causa 35 | S3: Fecha Agotamiento 545 días IT | T3: Fecha inicio expediente IP

Sheet Continuación situación en IT
A1: Fichero FIE · SUSASESORES
A2: Datos del Proceso | C2: Datos de la Empresa | E2: Datos del Empleado | J2: Datos de Incapacidad Temporal
A3: expte | B3: Clave Autorización | C3: Fecha recepción | D3: CCC | E3: Empresa | F3: NAF | G3: NIF | H3: Nombre | I3: Fecha Inicio relación laboral | J3: Fecha Extinción relación laboral | K3: Fecha del parte de confirmación | L3: Número de parte de confirmación | M3: Fecha de cumplimiento de 365 días | N3: Fecha siguiente revisión médica
A4: 2163 | B4: 00316077 | C4: 46213.247 | D4: 011135005063573 | E4: GROSA S.L. | F4: 350051717411 | G4: 000052858843J | H4: LOPEZ GUERRERO, ANTONIO FRANCIS | I4: 43691 | K4: 46212 | L4: 1 | M4: 46570 | N4: 46226
A5: 1681 | B5: 00316077 | C5: 46213.247 | D5: 011135115989409 | E5: TRANSPORTES Y GRUAS CARBALLO,SL | F5: 351022156922 | G5: 000054081409Z | H5: SUAREZ SANTANA, DIONISIO ECHEDE | I5: 45873 | K5: 46212 | L5: 8 | M5: 46492 | N5: 46233
A6: 2290 | B6: 00316077 | C6: 46213.247 | D6: 011135121800214 | E6: CANARY GREEN CORNER, S.L.U. | F6: 350059932196 | G6: 000052839257T | H6: CORDERO GONZALEZ, JOSE TOMAS | I6: 44252 | K6: 46212 | L6: 3 | M6: 46541 | N6: 46226
A7: 1476 | B7: 00316077 | C7: 46213.247 | D7: 011138100817633 | E7: ALUMINIOS CARPAL S.L. | F7: 381006096300 | G7: 000078705669Z | H7: MENDEZ ALAMO, ESTEBAN DAVID | I7: 45923 | K7: 46211 | L7: 14 | M7: 46330 | N7: 46232
A8: 1010 | B8: 00316077 | C8: 46213.247 | D8: 011138107526595 | E8: HERNANDEZ ALONSO ESTEBAN DOMINGO | F8: 381014777695 | G8: 000078568960V | H8: HERNANDEZ TRUJILLO, JOSE IVAN | I8: 45495 | K8: 46212 | L8: 5 | M8: 46462 | N8: 46247
A9: 0699 | B9: 00316077 | C9: 46213.247 | D9: 011138113510687 | E9: IZQUIERDO IZQUIERDO MANUEL JESUS | F9: 381028306569 | G9: 000078637285D | H9: GONZALEZ BARROSO, CARLOS ANTONIO | I9: 46104 | K9: 46211 | L9: 3 | M9: 46524 | N9: 46220
A10: 1846 | B10: 00316077 | C10: 46213.247 | D10: 011138120237336 | E10: MARTOS DIAZ DANIEL | F10: 380052663702 | G10: 000043785392Q | H10: MESA LLAMERA, CARMEN A | I10: 45043 | K10: 46212 | L10: 6 | M10: 46506 | N10: 46233
A11: 2593 | B11: 00316077 | C11: 46213.247 | D11: 011138123326683 | E11: HERNANDEZ VIZCAINO ALAIN MAHY | F11: 381022004502 | G11: 000042068959G | H11: HERNANDEZ RODRIGUEZ, MARIA CANDELARI | I11: 45748 | K11: 46211 | L11: 21 | M11: 46218 | N11: 46218
B12: 00316077 | C12: 46213.247 | D12: 0521 | F12: 460174843312 | G12: 000042836127F | H12: SERRA GENOVES, JOSE JAVIER | I12: 37316 | K12: 46212 | L12: 2 | M12: 46555 | N12: 46226

Sheet Datos Incapacidad Permanente
A1: Fichero FIE · SUSASESORES
A2: Datos del Proceso | C2: Datos de la Empresa | E2: Datos del Empleado | J2: Datos de Incapacidad Temporal
A3: expte | B3: Clave Autorización | C3: Fecha recepción | D3: CCC | E3: Empresa | F3: NAF | G3: NIF | H3: Nombre | I3: Fecha Inicio relación laboral | J3: Fecha Extinción relación laboral | K3: Fecha de baja IT | L3: Fecha Propuesta IP | M3: Entidad Responsable | N3: Causa Inicio IP | O3: Tipo de resolución | P3: Fecha Hecho Causante IP | Q3: Origen Resolución IP | R3: Fecha de Efectos IP | S3: Fecha de Resolución IP | T3: Tipo de IP | U3: Fecha Desde Demora | V3: Fecha Fin Demora | W3: Indicador de Revisión | X3: Fecha de Revisión

Sheet Datos de Jubilación
A1: Fichero FIE · SUSASESORES
A2: Datos del Proceso | C2: Datos de la Empresa | E2: Datos del Empleado | J2: Datos de Incapacidad Temporal
A3: expte | B3: Clave Autorización | C3: Fecha recepción | D3: CCC | E3: Empresa | F3: NAF | G3: NIF | H3: Nombre | I3: Fecha Inicio relación laboral | J3: Fecha Extinción relación laboral | K3: Tipo de resolución | L3: Tipo de Jubilación | M3: Fecha de Efectos Económicos

Sheet Datos de Otras Prestaciones
A1: Fichero FIE · SUSASESORES
A2: Datos del Proceso | C2: Datos de la Empresa | E2: Datos del Empleado | J2: Datos de Incapacidad Temporal
A3: expte | B3: Clave Autorización | C3: Fecha recepción | D3: CCC | E3: Empresa | F3: NAF | G3: NIF | H3: Nombre | I3: Fecha Inicio relación laboral | J3: Fecha Extinción relación laboral | K3: Prestación | L3: Motivo de Solicitud | M3: Entidad responsable | N3: Fecha del Hecho causante | O3: Fecha inicio pago prestación | P3: Fecha fin pago prestación | Q3: Causa fin pago prestación | R3: Base Reguladora | S3: Porcentaje de parcialidad | T3: Ampliación del subsidio NYCM | U3: Días de ampliación del subsidio NYCM

Sheet Datos sobre nacimientos
A1: Fichero FIE · SUSASESORES
A2: Datos del Proceso | C2: Datos de la Empresa | E2: Datos del Empleado | J2: Datos de Incapacidad Temporal
A3: expte | B3: Clave Autorización | C3: Fecha recepción | D3: CCC | E3: Empresa | F3: NAF | G3: NIF | H3: Nombre | I3: Fecha Inicio relación laboral | J3: Fecha Extinción relación laboral | K3: Fecha del hecho causante de la prestación de NYCM

Sheet DETALLE_CNOE
A1: CATEGORIA | B1: DETALLE TRABAJOS | C1: CNOE
A2: A1 RESPI+D | B2: Trabajos de responsabilidad técnica e I+D. | C2: 1223
A3: A2 T MED P | B3: Trabajos técnicos de grado medio y apoyo profesional. | C3: 1223
A4: ADJUNTO DIRECCION | B4: Trabajos de apoyo a dirección y coordinación interna. | C4: 3132
A5: AUX ADMINISTRATIVO | B5: TRABAJOS DE MECANOGRAFÍA, GESTIÓN DOCUMENTAL, ATENCIÓN TELEFÓNICA, ETC | C5: 4500
A6: AUXILIAR DE CAJA + 18 AÑOS | B6: Trabajos auxiliares de caja y atención al cliente. | C6: 5499
A7: AUXILIAR DE CLINICA | B7: Trabajos de apoyo clínico y preparación de material. | C7: 5612
A8: AUXILIAR DE FARMACIA | B8: AYUDA EN TRABAJOS DE DISPENSACION Y VENTA DE PRODUCTOS FARMACEUTOS Y ATENCION AL CLIENTE | C8: 5621
A9: AUXILIAR DE SERVICIOS | B9: ACOMPAÑAMIENTO EN TRANSPORTE PARA PERSONAS CON CAPACIDADES ESPECIALES EN TRANSPORTE MIENTRAS DURE EL CURSO ESCOLAR | C9: 5999
A10: AYUDANTE CAMARERO | B10: Trabajos de apoyo en sala, barra y limpieza. | C10: 5120
A11: AYUDANTE COCINERO | B11: Trabajos de apoyo en cocina, preparación y limpieza. | C11: 9310
A12: AYUDANTE DE COCINA | B12: TRABAJOS DE AYUDA AL COCINERO EN LABORES COMO ELABORACIÓN DE PLATOS, LIMPIEZA, ETC. | C12: 9310
... A96: VIAJANTE-COMERCIAL | B96: PROMOVER Y VENDER PRODUCTOS O SERVICIOS EN NOMBRE DE EMPRESAS CLIENTES | C96: 3510
